title,company,link
Java Engineer to build a greenfield application!,"O'Reilly Auto Parts
                ",https://stackoverflow.com/jobs/517384/java-engineer-to-build-a-greenfield-application-oreilly-auto-parts?a=2NvU4YhNkgRq&so=i&pg=1&offset=0&total=293&so_medium=Internal&so_source=JobSearch&q=java&r=true
Senior Java Backend Engineer - Remote,"SemanticBits
                ",https://stackoverflow.com/jobs/522660/senior-java-backend-engineer-remote-semanticbits?a=2PhBw9KtpbdC&so=i&pg=1&offset=1&total=293&so_medium=Internal&so_source=JobSearch&q=java&r=true
Lead Full Stack Java Developer - Remote US,"Lumen
                ",https://stackoverflow.com/jobs/523482/lead-full-stack-java-developer-remote-us-lumen?a=2PyHmOAgh8ic&so=i&pg=1&offset=2&total=293&so_medium=Internal&so_source=JobSearch&q=java&r=true
Java API Developer,"BFGO
                ",https://stackoverflow.com/jobs/499940/java-api-developer-bfgo?a=2HFbQ62Ct7G0&so=i&pg=1&offset=3&total=293&so_medium=Internal&so_source=JobSearch&q=java&r=true
Full Stack Java Developer REMOTE,"Ciber Global, LLC
                ",https://stackoverflow.com/jobs/519212/full-stack-java-developer-remote-ciber-global-llc?a=2O7Uv2csODYI&so=i&pg=1&offset=4&total=293&so_medium=Internal&so_source=JobSearch&q=java&r=true
Senior Java Engineer - Remote,"Wallethub
                ",https://stackoverflow.com/jobs/523508/senior-java-engineer-remote-wallethub?a=2PzeIWMWjVn2&so=i&pg=1&offset=5&total=293&so_medium=Internal&so_source=JobSearch&q=java&r=true
Java Software Engineer (+3 years),"Bitso
                ",https://stackoverflow.com/jobs/465421/java-software-engineer-plus3-years-bitso?a=2w5rxGwQFKCs&so=i&pg=1&offset=6&total=293&so_medium=Internal&so_source=JobSearch&q=java&r=true
Java Developer,"Addison Group
                ",https://stackoverflow.com/jobs/515376/java-developer-addison-group?a=2MQ9hV1BdSDK&so=i&pg=1&offset=7&total=293&so_medium=Internal&so_source=JobSearch&q=java&r=true
Full Stack Java Developer- Remote!,"Ciber Global, LLC
                ",https://stackoverflow.com/jobs/518355/full-stack-java-developer-remote-ciber-global-llc?a=2NQ5GTr9xmA8&so=i&pg=1&offset=8&total=293&so_medium=Internal&so_source=JobSearch&q=java&r=true
Java Developer- Remote!!,"Ciber Global, LLC
                ",https://stackoverflow.com/jobs/522059/java-developer-remote-ciber-global-llc?a=2P56JxkXNB04&so=i&pg=1&offset=9&total=293&so_medium=Internal&so_source=JobSearch&q=java&r=true
Java Engineer,"O'Reilly Auto Parts
                ",https://stackoverflow.com/jobs/521086/java-engineer-oreilly-auto-parts?a=2OKSnLHdaw0w&so=i&pg=1&offset=10&total=293&so_medium=Internal&so_source=JobSearch&q=java&r=true
Java Engineer IV - Manufacturing Automation Integration,"SmileDirectClub
                ",https://stackoverflow.com/jobs/523348/java-engineer-iv-manufacturing-automation-smiledirectclub?a=2PvUsuOOwC8o&so=i&pg=1&offset=11&total=293&so_medium=Internal&so_source=JobSearch&q=java&r=true
Core Java/J2EE Developer REMOTE,"Ciber Global, LLC
                ",https://stackoverflow.com/jobs/519118/core-java-j2ee-developer-remote-ciber-global-llc?a=2O5XjORRGBcA&so=i&pg=1&offset=12&total=293&so_medium=Internal&so_source=JobSearch&q=java&r=true
Desenvolvimento Java Spring Boot,"Ambev Tech
                ",https://stackoverflow.com/jobs/523547/desenvolvimento-java-spring-boot-ambev-tech?a=2PA308fVTA64&so=i&pg=1&offset=13&total=293&so_medium=Internal&so_source=JobSearch&q=java&r=true
Senior/Lead Java Developer,"Compugain
                ",https://stackoverflow.com/jobs/501816/senior-lead-java-developer-compugain?a=2IiciGArzkS4&so=i&pg=1&offset=14&total=293&so_medium=Internal&so_source=JobSearch&q=java&r=true
Software Engineer (Java/Spring Framework),"Jack Henry & Associates, Inc.Â®
                ",https://stackoverflow.com/jobs/520079/software-engineer-java-spring-framework-jack-henry-associates-inc?a=2OpWmrEtvhh6&so=i&pg=1&offset=15&total=293&so_medium=Internal&so_source=JobSearch&q=java&r=true
Senior Java Developer who wants to make a difference!,"O'Reilly Auto Parts
                ",https://stackoverflow.com/jobs/514476/senior-java-developer-who-wants-to-make-a-oreilly-auto-parts?a=2Mxr2SH8SgbC&so=i&pg=1&offset=16&total=293&so_medium=Internal&so_source=JobSearch&q=java&r=true
Cloud Native Java Developer (U.S. Remote Only),"Railroad19
                ",https://stackoverflow.com/jobs/522367/cloud-native-java-developer-us-remote-only-railroad19?a=2PbvXiq4zOyk&so=i&pg=1&offset=17&total=293&so_medium=Internal&so_source=JobSearch&q=java&r=true
Senior Java Engineer,"Personal Capital
                ",https://stackoverflow.com/jobs/501823/senior-java-engineer-personal-capital?a=2IilkbgdbwWY&so=i&pg=1&offset=18&total=293&so_medium=Internal&so_source=JobSearch&q=java&r=true
Software Developer (Java),"Alcumus
                ",https://stackoverflow.com/jobs/463162/software-developer-java-alcumus?a=2vktaKxxLwas&so=i&pg=1&offset=19&total=293&so_medium=Internal&so_source=JobSearch&q=java&r=true
Senior Java Developer  US-based,"Oberon Technologies Inc.
                ",https://stackoverflow.com/jobs/523331/senior-java-developer-us-based-oberon-technologies-inc?a=2PvyHIkYQmiI&so=i&pg=1&offset=20&total=293&so_medium=Internal&so_source=JobSearch&q=java&r=true
Java/Spring Technical Lead [100% REMOTE],"Clevertech
                ",https://stackoverflow.com/jobs/522945/java-spring-technical-lead-100-remote-clevertech?a=2PnwVAjSUPio&so=i&pg=1&offset=21&total=293&so_medium=Internal&so_source=JobSearch&q=java&r=true
Principal Software Engineer (Java),"Unanet, Inc.
                ",https://stackoverflow.com/jobs/521111/principal-software-engineer-java-unanet-inc?a=2OLoBXOFvMzK&so=i&pg=1&offset=22&total=293&so_medium=Internal&so_source=JobSearch&q=java&r=true
Lead Performance Engineer - Java (REMOTE),"Ciber Global, LLC
                ",https://stackoverflow.com/jobs/519213/lead-performance-engineer-java-remote-ciber-global-llc?a=2O7VMXJ0bOyQ&so=i&pg=1&offset=23&total=293&so_medium=Internal&so_source=JobSearch&q=java&r=true
Low Latency Java Developer / Software Engineer - Analyst,"GSR
                ",https://stackoverflow.com/jobs/513972/low-latency-java-developer-software-engineer-gsr?a=2MmXjgbQweuA&so=i&pg=1&offset=24&total=293&so_medium=Internal&so_source=JobSearch&q=java&r=true
Ssr Java/Scala Developer,Nearsure,https://weworkremotely.com/company/nearsure
Lead Engineer (JavaScript),Float,https://weworkremotely.com/company/float
Java & React Developer,Producement,https://weworkremotely.com/company/producement
Java Engineer (Backend),Prospect,https://weworkremotely.com/company/prospect
Senior JavaScript Developer and Consultant (100% remote),Bitovi ,https://weworkremotely.com/company/bitovi
Javascript Engineer,Sticker Mule,https://weworkremotely.com/company/sticker-mule
UI Engineer (JavaScript),Showcase IDX,https://weworkremotely.com/company/showcase-idx
Senior Full-Stack Engineer (C# + Javascript) - REMOTE,Synergy Sports,https://weworkremotely.com/company/synergy-sports
Frontend JavaScript Developer,Evojam,https://weworkremotely.com/company/evojam
Front-end Developer (React/Javascript),Input Logic,https://weworkremotely.com/company/input-logic
Lead Developer Java / Web (d/f/m),Conceptboard,https://weworkremotely.com/company/conceptboard
Senior Frontend Engineer (JavaScript/Angular) (Contract-To-Hire),"Shutterfly, Inc",https://weworkremotely.com/company/shutterfly-inc
Senior JavaScript (React) Software Engineer,Prospect,https://weworkremotely.com/company/prospect
Senior Software Engineer (Java/Angular),"Shutterfly, Inc",https://weworkremotely.com/company/shutterfly-inc
Lead Software Engineer (Java/Angular),"Shutterfly, Inc",https://weworkremotely.com/company/shutterfly-inc
Java Engineer,Help Scout,https://weworkremotely.com/company/help-scout
JavaScript Developer,Kinsta,https://weworkremotely.com/company/kinsta
Backend Javascript Engineer,TrendSpider LLC,https://weworkremotely.com/company/trendspider-llc
Software Engineer - Javascript,IO Global,https://weworkremotely.com/company/io-global
Java/C++ Developer (US Only),X-Team,https://weworkremotely.com/company/x-team
JavaScript Software Engineer (U.S. remote),LocusLabs,https://weworkremotely.com/company/locuslabs
Java Developer Microservices Openshift,CGI,https://remoteok.io/l/103457
Senior Java Developer,McDonald's Corporation,https://remoteok.io/l/103403
Java Backend Engineer,Prospect,https://remoteok.io/l/103368
Lead Salesforce Developer,Georgia Institute of Technology,https://remoteok.io/l/103115
Senior Software Developer Java,ONE LOGIC,https://remoteok.io/l/102927
